Store,DayOfWeek,Date,Open,Promo,StateHoliday,SchoolHoliday
75,6,2015-08-01,1.0,0,0,0
75,7,2015-08-02,0.0,0,0,0
75,1,2015-08-03,1.0,1,0,1
75,2,2015-08-04,1.0,1,0,1
75,3,2015-08-05,1.0,1,0,1
75,4,2015-08-06,1.0,1,0,1
75,5,2015-08-07,1.0,1,0,1
75,6,2015-08-08,1.0,0,0,0
75,7,2015-08-09,0.0,0,0,0
75,1,2015-08-10,1.0,0,0,1
75,2,2015-08-11,1.0,0,0,1
75,3,2015-08-12,1.0,0,0,1
75,4,2015-08-13,1.0,0,0,1
75,5,2015-08-14,1.0,0,0,1
75,6,2015-08-15,1.0,0,0,0
75,7,2015-08-16,0.0,0,0,0
75,1,2015-08-17,1.0,1,0,1
75,2,2015-08-18,1.0,1,0,1
75,3,2015-08-19,1.0,1,0,1
75,4,2015-08-20,1.0,1,0,1
75,5,2015-08-21,1.0,1,0,1
75,6,2015-08-22,1.0,0,0,0
75,7,2015-08-23,0.0,0,0,0
75,1,2015-08-24,1.0,0,0,1
75,2,2015-08-25,1.0,0,0,1
75,3,2015-08-26,1.0,0,0,1
75,4,2015-08-27,1.0,0,0,1
75,5,2015-08-28,1.0,0,0,1
75,6,2015-08-29,1.0,0,0,0
75,7,2015-08-30,0.0,0,0,0
75,1,2015-08-31,1.0,1,0,0
75,2,2015-09-01,1.0,1,0,0
75,3,2015-09-02,1.0,1,0,0
75,4,2015-09-03,1.0,1,0,0
75,5,2015-09-04,1.0,1,0,0
75,6,2015-09-05,1.0,0,0,0
75,7,2015-09-06,0.0,0,0,0
75,1,2015-09-07,1.0,0,0,0
75,2,2015-09-08,1.0,0,0,0
75,3,2015-09-09,1.0,0,0,0
75,4,2015-09-10,1.0,0,0,0
75,5,2015-09-11,1.0,0,0,0
75,6,2015-09-12,1.0,0,0,0
75,7,2015-09-13,0.0,0,0,0
75,1,2015-09-14,1.0,1,0,0
75,2,2015-09-15,1.0,1,0,0
75,3,2015-09-16,1.0,1,0,0
75,4,2015-09-17,1.0,1,0,0
81,6,2015-08-01,1.0,0,0,0
81,7,2015-08-02,0.0,0,0,0
81,1,2015-08-03,1.0,1,0,1
81,2,2015-08-04,1.0,1,0,1
81,3,2015-08-05,1.0,1,0,1
81,4,2015-08-06,1.0,1,0,1
81,5,2015-08-07,1.0,1,0,1
81,6,2015-08-08,1.0,0,0,0
81,7,2015-08-09,0.0,0,0,0
81,1,2015-08-10,1.0,0,0,1
81,2,2015-08-11,1.0,0,0,1
81,3,2015-08-12,1.0,0,0,1
81,4,2015-08-13,1.0,0,0,1
81,5,2015-08-14,1.0,0,0,1
81,6,2015-08-15,0.0,0,a,0
81,7,2015-08-16,0.0,0,0,0
81,1,2015-08-17,1.0,1,0,1
81,2,2015-08-18,1.0,1,0,1
81,3,2015-08-19,1.0,1,0,1
81,4,2015-08-20,1.0,1,0,1
81,5,2015-08-21,1.0,1,0,1
81,6,2015-08-22,1.0,0,0,0
81,7,2015-08-23,0.0,0,0,0
81,1,2015-08-24,1.0,0,0,1
81,2,2015-08-25,1.0,0,0,1
81,3,2015-08-26,1.0,0,0,1
81,4,2015-08-27,1.0,0,0,1
81,5,2015-08-28,1.0,0,0,1
81,6,2015-08-29,1.0,0,0,0
81,7,2015-08-30,0.0,0,0,0
81,1,2015-08-31,1.0,1,0,1
81,2,2015-09-01,1.0,1,0,1
81,3,2015-09-02,1.0,1,0,1
81,4,2015-09-03,1.0,1,0,1
81,5,2015-09-04,1.0,1,0,1
81,6,2015-09-05,1.0,0,0,0
81,7,2015-09-06,0.0,0,0,0
81,1,2015-09-07,1.0,0,0,1
81,2,2015-09-08,1.0,0,0,1
81,3,2015-09-09,1.0,0,0,1
81,4,2015-09-10,1.0,0,0,1
81,5,2015-09-11,1.0,0,0,1
81,6,2015-09-12,1.0,0,0,0
81,7,2015-09-13,0.0,0,0,0
81,1,2015-09-14,1.0,1,0,1
81,2,2015-09-15,1.0,1,0,0
81,3,2015-09-16,1.0,1,0,0
81,4,2015-09-17,1.0,1,0,0
100,6,2015-08-01,1.0,0,0,0
100,7,2015-08-02,0.0,0,0,0
100,1,2015-08-03,1.0,1,0,1
100,2,2015-08-04,1.0,1,0,1
100,3,2015-08-05,1.0,1,0,1
100,4,2015-08-06,1.0,1,0,1
100,5,2015-08-07,1.0,1,0,1
100,6,2015-08-08,1.0,0,0,0
100,7,2015-08-09,0.0,0,0,0
100,1,2015-08-10,1.0,0,0,1
100,2,2015-08-11,1.0,0,0,1
100,3,2015-08-12,1.0,0,0,1
100,4,2015-08-13,1.0,0,0,1
100,5,2015-08-14,1.0,0,0,1
100,6,2015-08-15,0.0,0,a,0
100,7,2015-08-16,0.0,0,0,0
100,1,2015-08-17,1.0,1,0,1
100,2,2015-08-18,1.0,1,0,1
100,3,2015-08-19,1.0,1,0,1
100,4,2015-08-20,1.0,1,0,1
100,5,2015-08-21,1.0,1,0,1
100,6,2015-08-22,1.0,0,0,0
100,7,2015-08-23,0.0,0,0,0
100,1,2015-08-24,1.0,0,0,1
100,2,2015-08-25,1.0,0,0,1
100,3,2015-08-26,1.0,0,0,1
100,4,2015-08-27,1.0,0,0,1
100,5,2015-08-28,1.0,0,0,1
100,6,2015-08-29,1.0,0,0,0
100,7,2015-08-30,0.0,0,0,0
100,1,2015-08-31,1.0,1,0,1
100,2,2015-09-01,1.0,1,0,1
100,3,2015-09-02,1.0,1,0,1
100,4,2015-09-03,1.0,1,0,1
100,5,2015-09-04,1.0,1,0,1
100,6,2015-09-05,1.0,0,0,0
100,7,2015-09-06,0.0,0,0,0
100,1,2015-09-07,1.0,0,0,1
100,2,2015-09-08,1.0,0,0,1
100,3,2015-09-09,1.0,0,0,1
100,4,2015-09-10,1.0,0,0,1
100,5,2015-09-11,1.0,0,0,1
100,6,2015-09-12,1.0,0,0,0
100,7,2015-09-13,0.0,0,0,0
100,1,2015-09-14,1.0,1,0,1
100,2,2015-09-15,1.0,1,0,0
100,3,2015-09-16,1.0,1,0,0
100,4,2015-09-17,1.0,1,0,0
180,6,2015-08-01,1.0,0,0,0
180,7,2015-08-02,0.0,0,0,0
180,1,2015-08-03,1.0,1,0,1
180,2,2015-08-04,1.0,1,0,1
180,3,2015-08-05,1.0,1,0,1
180,4,2015-08-06,1.0,1,0,1
180,5,2015-08-07,1.0,1,0,1
180,6,2015-08-08,1.0,0,0,0
180,7,2015-08-09,0.0,0,0,0
180,1,2015-08-10,1.0,0,0,1
180,2,2015-08-11,1.0,0,0,1
180,3,2015-08-12,1.0,0,0,1
180,4,2015-08-13,1.0,0,0,1
180,5,2015-08-14,1.0,0,0,1
180,6,2015-08-15,1.0,0,0,0
180,7,2015-08-16,0.0,0,0,0
180,1,2015-08-17,1.0,1,0,1
180,2,2015-08-18,1.0,1,0,1
180,3,2015-08-19,1.0,1,0,1
180,4,2015-08-20,1.0,1,0,1
180,5,2015-08-21,1.0,1,0,1
180,6,2015-08-22,1.0,0,0,0
180,7,2015-08-23,0.0,0,0,0
180,1,2015-08-24,1.0,0,0,1
180,2,2015-08-25,1.0,0,0,1
180,3,2015-08-26,1.0,0,0,1
180,4,2015-08-27,1.0,0,0,0
180,5,2015-08-28,1.0,0,0,0
180,6,2015-08-29,1.0,0,0,0
180,7,2015-08-30,0.0,0,0,0
180,1,2015-08-31,1.0,1,0,0
180,2,2015-09-01,1.0,1,0,0
180,3,2015-09-02,1.0,1,0,0
180,4,2015-09-03,1.0,1,0,0
180,5,2015-09-04,1.0,1,0,0
180,6,2015-09-05,1.0,0,0,0
180,7,2015-09-06,0.0,0,0,0
180,1,2015-09-07,1.0,0,0,0
180,2,2015-09-08,1.0,0,0,0
180,3,2015-09-09,1.0,0,0,0
180,4,2015-09-10,1.0,0,0,0
180,5,2015-09-11,1.0,0,0,0
180,6,2015-09-12,1.0,0,0,0
180,7,2015-09-13,0.0,0,0,0
180,1,2015-09-14,1.0,1,0,0
180,2,2015-09-15,1.0,1,0,0
180,3,2015-09-16,1.0,1,0,0
180,4,2015-09-17,1.0,1,0,0
186,6,2015-08-01,1.0,0,0,0
186,7,2015-08-02,0.0,0,0,0
186,1,2015-08-03,1.0,1,0,1
186,2,2015-08-04,1.0,1,0,1
186,3,2015-08-05,1.0,1,0,1
186,4,2015-08-06,1.0,1,0,1
186,5,2015-08-07,1.0,1,0,1
186,6,2015-08-08,1.0,0,0,0
186,7,2015-08-09,0.0,0,0,0
186,1,2015-08-10,1.0,0,0,1
186,2,2015-08-11,1.0,0,0,1
186,3,2015-08-12,1.0,0,0,1
186,4,2015-08-13,1.0,0,0,1
186,5,2015-08-14,1.0,0,0,1
186,6,2015-08-15,0.0,0,a,0
186,7,2015-08-16,0.0,0,0,0
186,1,2015-08-17,1.0,1,0,1
186,2,2015-08-18,1.0,1,0,1
186,3,2015-08-19,1.0,1,0,1
186,4,2015-08-20,1.0,1,0,1
186,5,2015-08-21,1.0,1,0,1
186,6,2015-08-22,1.0,0,0,0
186,7,2015-08-23,0.0,0,0,0
186,1,2015-08-24,1.0,0,0,1
186,2,2015-08-25,1.0,0,0,1
186,3,2015-08-26,1.0,0,0,1
186,4,2015-08-27,1.0,0,0,1
186,5,2015-08-28,1.0,0,0,1
186,6,2015-08-29,1.0,0,0,0
186,7,2015-08-30,0.0,0,0,0
186,1,2015-08-31,1.0,1,0,1
186,2,2015-09-01,1.0,1,0,1
186,3,2015-09-02,1.0,1,0,1
186,4,2015-09-03,1.0,1,0,1
186,5,2015-09-04,1.0,1,0,1
186,6,2015-09-05,1.0,0,0,0
186,7,2015-09-06,0.0,0,0,0
186,1,2015-09-07,1.0,0,0,1
186,2,2015-09-08,1.0,0,0,1
186,3,2015-09-09,1.0,0,0,1
186,4,2015-09-10,1.0,0,0,1
186,5,2015-09-11,1.0,0,0,1
186,6,2015-09-12,1.0,0,0,0
186,7,2015-09-13,0.0,0,0,0
186,1,2015-09-14,1.0,1,0,1
186,2,2015-09-15,1.0,1,0,0
186,3,2015-09-16,1.0,1,0,0
186,4,2015-09-17,1.0,1,0,0
220,6,2015-08-01,1.0,0,0,0
220,7,2015-08-02,0.0,0,0,0
220,1,2015-08-03,1.0,1,0,1
220,2,2015-08-04,1.0,1,0,1
220,3,2015-08-05,1.0,1,0,1
220,4,2015-08-06,1.0,1,0,1
220,5,2015-08-07,1.0,1,0,1
220,6,2015-08-08,1.0,0,0,0
220,7,2015-08-09,0.0,0,0,0
220,1,2015-08-10,1.0,0,0,1
220,2,2015-08-11,1.0,0,0,1
220,3,2015-08-12,1.0,0,0,0
220,4,2015-08-13,1.0,0,0,0
220,5,2015-08-14,1.0,0,0,0
220,6,2015-08-15,1.0,0,0,0
220,7,2015-08-16,0.0,0,0,0
220,1,2015-08-17,1.0,1,0,0
220,2,2015-08-18,1.0,1,0,0
220,3,2015-08-19,1.0,1,0,0
220,4,2015-08-20,1.0,1,0,0
220,5,2015-08-21,1.0,1,0,0
220,6,2015-08-22,1.0,0,0,0
220,7,2015-08-23,0.0,0,0,0
220,1,2015-08-24,1.0,0,0,0
220,2,2015-08-25,1.0,0,0,0
220,3,2015-08-26,1.0,0,0,0
220,4,2015-08-27,1.0,0,0,0
220,5,2015-08-28,1.0,0,0,0
220,6,2015-08-29,1.0,0,0,0
220,7,2015-08-30,0.0,0,0,0
220,1,2015-08-31,1.0,1,0,0
220,2,2015-09-01,1.0,1,0,0
220,3,2015-09-02,1.0,1,0,0
220,4,2015-09-03,1.0,1,0,0
220,5,2015-09-04,1.0,1,0,0
220,6,2015-09-05,1.0,0,0,0
220,7,2015-09-06,0.0,0,0,0
220,1,2015-09-07,1.0,0,0,0
220,2,2015-09-08,1.0,0,0,0
220,3,2015-09-09,1.0,0,0,0
220,4,2015-09-10,1.0,0,0,0
220,5,2015-09-11,1.0,0,0,0
220,6,2015-09-12,1.0,0,0,0
220,7,2015-09-13,0.0,0,0,0
220,1,2015-09-14,1.0,1,0,0
220,2,2015-09-15,1.0,1,0,0
220,3,2015-09-16,1.0,1,0,0
220,4,2015-09-17,1.0,1,0,0
224,6,2015-08-01,1.0,0,0,0
224,7,2015-08-02,0.0,0,0,0
224,1,2015-08-03,1.0,1,0,1
224,2,2015-08-04,1.0,1,0,1
224,3,2015-08-05,1.0,1,0,1
224,4,2015-08-06,1.0,1,0,1
224,5,2015-08-07,1.0,1,0,1
224,6,2015-08-08,1.0,0,0,0
224,7,2015-08-09,0.0,0,0,0
224,1,2015-08-10,1.0,0,0,1
224,2,2015-08-11,1.0,0,0,1
224,3,2015-08-12,1.0,0,0,1
224,4,2015-08-13,1.0,0,0,1
224,5,2015-08-14,1.0,0,0,1
224,6,2015-08-15,1.0,0,0,0
224,7,2015-08-16,0.0,0,0,0
224,1,2015-08-17,1.0,1,0,1
224,2,2015-08-18,1.0,1,0,1
224,3,2015-08-19,1.0,1,0,1
224,4,2015-08-20,1.0,1,0,1
224,5,2015-08-21,1.0,1,0,1
224,6,2015-08-22,1.0,0,0,0
224,7,2015-08-23,0.0,0,0,0
224,1,2015-08-24,1.0,0,0,1
224,2,2015-08-25,1.0,0,0,1
224,3,2015-08-26,1.0,0,0,1
224,4,2015-08-27,1.0,0,0,1
224,5,2015-08-28,1.0,0,0,1
224,6,2015-08-29,1.0,0,0,0
224,7,2015-08-30,0.0,0,0,0
224,1,2015-08-31,1.0,1,0,1
224,2,2015-09-01,1.0,1,0,1
224,3,2015-09-02,1.0,1,0,1
224,4,2015-09-03,1.0,1,0,1
224,5,2015-09-04,1.0,1,0,1
224,6,2015-09-05,1.0,0,0,0
224,7,2015-09-06,0.0,0,0,0
224,1,2015-09-07,1.0,0,0,1
224,2,2015-09-08,1.0,0,0,1
224,3,2015-09-09,1.0,0,0,1
224,4,2015-09-10,1.0,0,0,1
224,5,2015-09-11,1.0,0,0,1
224,6,2015-09-12,1.0,0,0,0
224,7,2015-09-13,0.0,0,0,0
224,1,2015-09-14,1.0,1,0,0
224,2,2015-09-15,1.0,1,0,0
224,3,2015-09-16,1.0,1,0,0
224,4,2015-09-17,1.0,1,0,0
238,6,2015-08-01,1.0,0,0,0
238,7,2015-08-02,0.0,0,0,0
238,1,2015-08-03,1.0,1,0,1
238,2,2015-08-04,1.0,1,0,1
238,3,2015-08-05,1.0,1,0,1
238,4,2015-08-06,1.0,1,0,1
238,5,2015-08-07,1.0,1,0,1
238,6,2015-08-08,1.0,0,0,0
238,7,2015-08-09,0.0,0,0,0
238,1,2015-08-10,1.0,0,0,1
238,2,2015-08-11,1.0,0,0,1
238,3,2015-08-12,1.0,0,0,0
238,4,2015-08-13,1.0,0,0,0
238,5,2015-08-14,1.0,0,0,0
238,6,2015-08-15,1.0,0,0,0
238,7,2015-08-16,0.0,0,0,0
238,1,2015-08-17,1.0,1,0,0
238,2,2015-08-18,1.0,1,0,0
238,3,2015-08-19,1.0,1,0,0
238,4,2015-08-20,1.0,1,0,0
238,5,2015-08-21,1.0,1,0,0
238,6,2015-08-22,1.0,0,0,0
238,7,2015-08-23,0.0,0,0,0
238,1,2015-08-24,1.0,0,0,0
238,2,2015-08-25,1.0,0,0,0
238,3,2015-08-26,1.0,0,0,0
238,4,2015-08-27,1.0,0,0,0
238,5,2015-08-28,1.0,0,0,0
238,6,2015-08-29,1.0,0,0,0
238,7,2015-08-30,0.0,0,0,0
238,1,2015-08-31,1.0,1,0,0
238,2,2015-09-01,1.0,1,0,0
238,3,2015-09-02,1.0,1,0,0
238,4,2015-09-03,1.0,1,0,0
238,5,2015-09-04,1.0,1,0,0
238,6,2015-09-05,1.0,0,0,0
238,7,2015-09-06,0.0,0,0,0
238,1,2015-09-07,1.0,0,0,0
238,2,2015-09-08,1.0,0,0,0
238,3,2015-09-09,1.0,0,0,0
238,4,2015-09-10,1.0,0,0,0
238,5,2015-09-11,1.0,0,0,0
238,6,2015-09-12,1.0,0,0,0
238,7,2015-09-13,0.0,0,0,0
238,1,2015-09-14,1.0,1,0,0
238,2,2015-09-15,1.0,1,0,0
238,3,2015-09-16,1.0,1,0,0
238,4,2015-09-17,1.0,1,0,0
301,6,2015-08-01,1.0,0,0,0
301,7,2015-08-02,0.0,0,0,0
301,1,2015-08-03,1.0,1,0,1
301,2,2015-08-04,1.0,1,0,1
301,3,2015-08-05,1.0,1,0,1
301,4,2015-08-06,1.0,1,0,1
301,5,2015-08-07,1.0,1,0,1
301,6,2015-08-08,1.0,0,0,0
301,7,2015-08-09,0.0,0,0,0
301,1,2015-08-10,1.0,0,0,1
301,2,2015-08-11,1.0,0,0,1
301,3,2015-08-12,1.0,0,0,1
301,4,2015-08-13,1.0,0,0,1
301,5,2015-08-14,1.0,0,0,1
301,6,2015-08-15,1.0,0,0,0
301,7,2015-08-16,0.0,0,0,0
301,1,2015-08-17,1.0,1,0,1
301,2,2015-08-18,1.0,1,0,1
301,3,2015-08-19,1.0,1,0,1
301,4,2015-08-20,1.0,1,0,1
301,5,2015-08-21,1.0,1,0,1
301,6,2015-08-22,1.0,0,0,0
301,7,2015-08-23,0.0,0,0,0
301,1,2015-08-24,1.0,0,0,1
301,2,2015-08-25,1.0,0,0,1
301,3,2015-08-26,1.0,0,0,1
301,4,2015-08-27,1.0,0,0,1
301,5,2015-08-28,1.0,0,0,1
301,6,2015-08-29,1.0,0,0,0
301,7,2015-08-30,0.0,0,0,0
301,1,2015-08-31,1.0,1,0,0
301,2,2015-09-01,1.0,1,0,0
301,3,2015-09-02,1.0,1,0,0
301,4,2015-09-03,1.0,1,0,0
301,5,2015-09-04,1.0,1,0,0
301,6,2015-09-05,1.0,0,0,0
301,7,2015-09-06,0.0,0,0,0
301,1,2015-09-07,1.0,0,0,0
301,2,2015-09-08,1.0,0,0,0
301,3,2015-09-09,1.0,0,0,0
301,4,2015-09-10,1.0,0,0,0
301,5,2015-09-11,1.0,0,0,0
301,6,2015-09-12,1.0,0,0,0
301,7,2015-09-13,0.0,0,0,0
301,1,2015-09-14,1.0,1,0,0
301,2,2015-09-15,1.0,1,0,0
301,3,2015-09-16,1.0,1,0,0
301,4,2015-09-17,1.0,1,0,0
353,6,2015-08-01,1.0,0,0,0
353,7,2015-08-02,1.0,0,0,0
353,1,2015-08-03,1.0,1,0,1
353,2,2015-08-04,1.0,1,0,1
353,3,2015-08-05,1.0,1,0,1
353,4,2015-08-06,1.0,1,0,1
353,5,2015-08-07,1.0,1,0,1
353,6,2015-08-08,1.0,0,0,0
353,7,2015-08-09,1.0,0,0,0
353,1,2015-08-10,1.0,0,0,1
353,2,2015-08-11,1.0,0,0,1
353,3,2015-08-12,1.0,0,0,1
353,4,2015-08-13,1.0,0,0,1
353,5,2015-08-14,1.0,0,0,1
353,6,2015-08-15,1.0,0,0,0
353,7,2015-08-16,1.0,0,0,0
353,1,2015-08-17,1.0,1,0,1
353,2,2015-08-18,1.0,1,0,1
353,3,2015-08-19,1.0,1,0,1
353,4,2015-08-20,1.0,1,0,1
353,5,2015-08-21,1.0,1,0,1
353,6,2015-08-22,1.0,0,0,0
353,7,2015-08-23,1.0,0,0,0
353,1,2015-08-24,1.0,0,0,1
353,2,2015-08-25,1.0,0,0,1
353,3,2015-08-26,1.0,0,0,1
353,4,2015-08-27,1.0,0,0,1
353,5,2015-08-28,1.0,0,0,1
353,6,2015-08-29,1.0,0,0,0
353,7,2015-08-30,1.0,0,0,0
353,1,2015-08-31,1.0,1,0,1
353,2,2015-09-01,1.0,1,0,1
353,3,2015-09-02,1.0,1,0,1
353,4,2015-09-03,1.0,1,0,1
353,5,2015-09-04,1.0,1,0,1
353,6,2015-09-05,1.0,0,0,0
353,7,2015-09-06,1.0,0,0,0
353,1,2015-09-07,1.0,0,0,1
353,2,2015-09-08,1.0,0,0,1
353,3,2015-09-09,1.0,0,0,1
353,4,2015-09-10,1.0,0,0,1
353,5,2015-09-11,1.0,0,0,1
353,6,2015-09-12,1.0,0,0,0
353,7,2015-09-13,1.0,0,0,0
353,1,2015-09-14,1.0,1,0,0
353,2,2015-09-15,1.0,1,0,0
353,3,2015-09-16,1.0,1,0,0
353,4,2015-09-17,1.0,1,0,0
470,6,2015-08-01,1.0,0,0,0
470,7,2015-08-02,0.0,0,0,0
470,1,2015-08-03,1.0,1,0,1
470,2,2015-08-04,1.0,1,0,1
470,3,2015-08-05,1.0,1,0,1
470,4,2015-08-06,1.0,1,0,1
470,5,2015-08-07,1.0,1,0,1
470,6,2015-08-08,1.0,0,0,0
470,7,2015-08-09,0.0,0,0,0
470,1,2015-08-10,1.0,0,0,1
470,2,2015-08-11,1.0,0,0,1
470,3,2015-08-12,1.0,0,0,0
470,4,2015-08-13,1.0,0,0,0
470,5,2015-08-14,1.0,0,0,0
470,6,2015-08-15,1.0,0,0,0
470,7,2015-08-16,0.0,0,0,0
470,1,2015-08-17,1.0,1,0,0
470,2,2015-08-18,1.0,1,0,0
470,3,2015-08-19,1.0,1,0,0
470,4,2015-08-20,1.0,1,0,0
470,5,2015-08-21,1.0,1,0,0
470,6,2015-08-22,1.0,0,0,0
470,7,2015-08-23,0.0,0,0,0
470,1,2015-08-24,1.0,0,0,0
470,2,2015-08-25,1.0,0,0,0
470,3,2015-08-26,1.0,0,0,0
470,4,2015-08-27,1.0,0,0,0
470,5,2015-08-28,1.0,0,0,0
470,6,2015-08-29,1.0,0,0,0
470,7,2015-08-30,0.0,0,0,0
470,1,2015-08-31,1.0,1,0,0
470,2,2015-09-01,1.0,1,0,0
470,3,2015-09-02,1.0,1,0,0
470,4,2015-09-03,1.0,1,0,0
470,5,2015-09-04,1.0,1,0,0
470,6,2015-09-05,1.0,0,0,0
470,7,2015-09-06,0.0,0,0,0
470,1,2015-09-07,1.0,0,0,0
470,2,2015-09-08,1.0,0,0,0
470,3,2015-09-09,1.0,0,0,0
470,4,2015-09-10,1.0,0,0,0
470,5,2015-09-11,1.0,0,0,0
470,6,2015-09-12,1.0,0,0,0
470,7,2015-09-13,0.0,0,0,0
470,1,2015-09-14,1.0,1,0,0
470,2,2015-09-15,1.0,1,0,0
470,3,2015-09-16,1.0,1,0,0
470,4,2015-09-17,1.0,1,0,0
508,6,2015-08-01,1.0,0,0,0
508,7,2015-08-02,0.0,0,0,0
508,1,2015-08-03,1.0,1,0,1
508,2,2015-08-04,1.0,1,0,1
508,3,2015-08-05,1.0,1,0,1
508,4,2015-08-06,1.0,1,0,1
508,5,2015-08-07,1.0,1,0,1
508,6,2015-08-08,1.0,0,0,0
508,7,2015-08-09,0.0,0,0,0
508,1,2015-08-10,1.0,0,0,1
508,2,2015-08-11,1.0,0,0,1
508,3,2015-08-12,1.0,0,0,0
508,4,2015-08-13,1.0,0,0,0
508,5,2015-08-14,1.0,0,0,0
508,6,2015-08-15,1.0,0,0,0
508,7,2015-08-16,0.0,0,0,0
508,1,2015-08-17,1.0,1,0,0
508,2,2015-08-18,1.0,1,0,0
508,3,2015-08-19,1.0,1,0,0
508,4,2015-08-20,1.0,1,0,0
508,5,2015-08-21,1.0,1,0,0
508,6,2015-08-22,1.0,0,0,0
508,7,2015-08-23,0.0,0,0,0
508,1,2015-08-24,1.0,0,0,0
508,2,2015-08-25,1.0,0,0,0
508,3,2015-08-26,1.0,0,0,0
508,4,2015-08-27,1.0,0,0,0
508,5,2015-08-28,1.0,0,0,0
508,6,2015-08-29,1.0,0,0,0
508,7,2015-08-30,0.0,0,0,0
508,1,2015-08-31,1.0,1,0,0
508,2,2015-09-01,1.0,1,0,0
508,3,2015-09-02,1.0,1,0,0
508,4,2015-09-03,1.0,1,0,0
508,5,2015-09-04,1.0,1,0,0
508,6,2015-09-05,1.0,0,0,0
508,7,2015-09-06,0.0,0,0,0
508,1,2015-09-07,1.0,0,0,0
508,2,2015-09-08,1.0,0,0,0
508,3,2015-09-09,1.0,0,0,0
508,4,2015-09-10,1.0,0,0,0
508,5,2015-09-11,1.0,0,0,0
508,6,2015-09-12,1.0,0,0,0
508,7,2015-09-13,0.0,0,0,0
508,1,2015-09-14,1.0,1,0,0
508,2,2015-09-15,1.0,1,0,0
508,3,2015-09-16,1.0,1,0,0
508,4,2015-09-17,1.0,1,0,0
515,6,2015-08-01,1.0,0,0,0
515,7,2015-08-02,0.0,0,0,0
515,1,2015-08-03,1.0,1,0,1
515,2,2015-08-04,1.0,1,0,1
515,3,2015-08-05,1.0,1,0,1
515,4,2015-08-06,1.0,1,0,1
515,5,2015-08-07,1.0,1,0,1
515,6,2015-08-08,1.0,0,0,0
515,7,2015-08-09,0.0,0,0,0
515,1,2015-08-10,1.0,0,0,1
515,2,2015-08-11,1.0,0,0,1
515,3,2015-08-12,1.0,0,0,0
515,4,2015-08-13,1.0,0,0,0
515,5,2015-08-14,1.0,0,0,0
515,6,2015-08-15,1.0,0,0,0
515,7,2015-08-16,0.0,0,0,0
515,1,2015-08-17,1.0,1,0,0
515,2,2015-08-18,1.0,1,0,0
515,3,2015-08-19,1.0,1,0,0
515,4,2015-08-20,1.0,1,0,0
515,5,2015-08-21,1.0,1,0,0
515,6,2015-08-22,1.0,0,0,0
515,7,2015-08-23,0.0,0,0,0
515,1,2015-08-24,1.0,0,0,0
515,2,2015-08-25,1.0,0,0,0
515,3,2015-08-26,1.0,0,0,0
515,4,2015-08-27,1.0,0,0,0
515,5,2015-08-28,1.0,0,0,0
515,6,2015-08-29,1.0,0,0,0
515,7,2015-08-30,0.0,0,0,0
515,1,2015-08-31,1.0,1,0,0
515,2,2015-09-01,1.0,1,0,0
515,3,2015-09-02,1.0,1,0,0
515,4,2015-09-03,1.0,1,0,0
515,5,2015-09-04,1.0,1,0,0
515,6,2015-09-05,1.0,0,0,0
515,7,2015-09-06,0.0,0,0,0
515,1,2015-09-07,1.0,0,0,0
515,2,2015-09-08,1.0,0,0,0
515,3,2015-09-09,1.0,0,0,0
515,4,2015-09-10,1.0,0,0,0
515,5,2015-09-11,1.0,0,0,0
515,6,2015-09-12,1.0,0,0,0
515,7,2015-09-13,0.0,0,0,0
515,1,2015-09-14,1.0,1,0,0
515,2,2015-09-15,1.0,1,0,0
515,3,2015-09-16,1.0,1,0,0
515,4,2015-09-17,1.0,1,0,0
589,6,2015-08-01,1.0,0,0,1
589,7,2015-08-02,0.0,0,0,1
589,1,2015-08-03,1.0,1,0,1
589,2,2015-08-04,1.0,1,0,1
589,3,2015-08-05,1.0,1,0,1
589,4,2015-08-06,1.0,1,0,1
589,5,2015-08-07,1.0,1,0,1
589,6,2015-08-08,1.0,0,0,1
589,7,2015-08-09,0.0,0,0,1
589,1,2015-08-10,1.0,0,0,1
589,2,2015-08-11,1.0,0,0,1
589,3,2015-08-12,1.0,0,0,1
589,4,2015-08-13,1.0,0,0,1
589,5,2015-08-14,1.0,0,0,1
589,6,2015-08-15,1.0,0,0,1
589,7,2015-08-16,0.0,0,0,1
589,1,2015-08-17,1.0,1,0,1
589,2,2015-08-18,1.0,1,0,1
589,3,2015-08-19,1.0,1,0,1
589,4,2015-08-20,1.0,1,0,1
589,5,2015-08-21,1.0,1,0,1
589,6,2015-08-22,1.0,0,0,1
589,7,2015-08-23,0.0,0,0,1
589,1,2015-08-24,1.0,0,0,1
589,2,2015-08-25,1.0,0,0,1
589,3,2015-08-26,1.0,0,0,1
589,4,2015-08-27,1.0,0,0,1
589,5,2015-08-28,1.0,0,0,1
589,6,2015-08-29,1.0,0,0,1
589,7,2015-08-30,0.0,0,0,1
589,1,2015-08-31,1.0,1,0,1
589,2,2015-09-01,1.0,1,0,1
589,3,2015-09-02,1.0,1,0,1
589,4,2015-09-03,1.0,1,0,1
589,5,2015-09-04,1.0,1,0,1
589,6,2015-09-05,1.0,0,0,0
589,7,2015-09-06,0.0,0,0,0
589,1,2015-09-07,1.0,0,0,0
589,2,2015-09-08,1.0,0,0,0
589,3,2015-09-09,1.0,0,0,0
589,4,2015-09-10,1.0,0,0,0
589,5,2015-09-11,1.0,0,0,0
589,6,2015-09-12,1.0,0,0,0
589,7,2015-09-13,0.0,0,0,0
589,1,2015-09-14,1.0,1,0,0
589,2,2015-09-15,1.0,1,0,0
589,3,2015-09-16,1.0,1,0,0
589,4,2015-09-17,1.0,1,0,0
591,6,2015-08-01,1.0,0,0,0
591,7,2015-08-02,0.0,0,0,0
591,1,2015-08-03,1.0,1,0,1
591,2,2015-08-04,1.0,1,0,1
591,3,2015-08-05,1.0,1,0,1
591,4,2015-08-06,1.0,1,0,1
591,5,2015-08-07,1.0,1,0,1
591,6,2015-08-08,1.0,0,0,0
591,7,2015-08-09,0.0,0,0,0
591,1,2015-08-10,1.0,0,0,1
591,2,2015-08-11,1.0,0,0,1
591,3,2015-08-12,1.0,0,0,1
591,4,2015-08-13,1.0,0,0,1
591,5,2015-08-14,1.0,0,0,1
591,6,2015-08-15,1.0,0,0,0
591,7,2015-08-16,0.0,0,0,0
591,1,2015-08-17,1.0,1,0,1
591,2,2015-08-18,1.0,1,0,1
591,3,2015-08-19,1.0,1,0,1
591,4,2015-08-20,1.0,1,0,1
591,5,2015-08-21,1.0,1,0,1
591,6,2015-08-22,1.0,0,0,0
591,7,2015-08-23,0.0,0,0,0
591,1,2015-08-24,1.0,0,0,1
591,2,2015-08-25,1.0,0,0,1
591,3,2015-08-26,1.0,0,0,1
591,4,2015-08-27,1.0,0,0,1
591,5,2015-08-28,1.0,0,0,1
591,6,2015-08-29,1.0,0,0,0
591,7,2015-08-30,0.0,0,0,0
591,1,2015-08-31,1.0,1,0,1
591,2,2015-09-01,1.0,1,0,1
591,3,2015-09-02,1.0,1,0,1
591,4,2015-09-03,1.0,1,0,1
591,5,2015-09-04,1.0,1,0,1
591,6,2015-09-05,1.0,0,0,0
591,7,2015-09-06,0.0,0,0,0
591,1,2015-09-07,1.0,0,0,1
591,2,2015-09-08,1.0,0,0,1
591,3,2015-09-09,1.0,0,0,1
591,4,2015-09-10,1.0,0,0,1
591,5,2015-09-11,1.0,0,0,1
591,6,2015-09-12,1.0,0,0,0
591,7,2015-09-13,0.0,0,0,0
591,1,2015-09-14,1.0,1,0,0
591,2,2015-09-15,1.0,1,0,0
591,3,2015-09-16,1.0,1,0,0
591,4,2015-09-17,1.0,1,0,0
593,6,2015-08-01,1.0,0,0,0
593,7,2015-08-02,0.0,0,0,0
593,1,2015-08-03,1.0,1,0,1
593,2,2015-08-04,1.0,1,0,1
593,3,2015-08-05,1.0,1,0,1
593,4,2015-08-06,1.0,1,0,1
593,5,2015-08-07,1.0,1,0,1
593,6,2015-08-08,1.0,0,0,0
593,7,2015-08-09,0.0,0,0,0
593,1,2015-08-10,1.0,0,0,1
593,2,2015-08-11,1.0,0,0,1
593,3,2015-08-12,1.0,0,0,1
593,4,2015-08-13,1.0,0,0,1
593,5,2015-08-14,1.0,0,0,1
593,6,2015-08-15,1.0,0,0,0
593,7,2015-08-16,0.0,0,0,0
593,1,2015-08-17,1.0,1,0,1
593,2,2015-08-18,1.0,1,0,1
593,3,2015-08-19,1.0,1,0,1
593,4,2015-08-20,1.0,1,0,1
593,5,2015-08-21,1.0,1,0,1
593,6,2015-08-22,1.0,0,0,0
593,7,2015-08-23,0.0,0,0,0
593,1,2015-08-24,1.0,0,0,1
593,2,2015-08-25,1.0,0,0,1
593,3,2015-08-26,1.0,0,0,1
593,4,2015-08-27,1.0,0,0,1
593,5,2015-08-28,1.0,0,0,1
593,6,2015-08-29,1.0,0,0,0
593,7,2015-08-30,0.0,0,0,0
593,1,2015-08-31,1.0,1,0,0
593,2,2015-09-01,1.0,1,0,0
593,3,2015-09-02,1.0,1,0,0
593,4,2015-09-03,1.0,1,0,0
593,5,2015-09-04,1.0,1,0,0
593,6,2015-09-05,1.0,0,0,0
593,7,2015-09-06,0.0,0,0,0
593,1,2015-09-07,1.0,0,0,0
593,2,2015-09-08,1.0,0,0,0
593,3,2015-09-09,1.0,0,0,0
593,4,2015-09-10,1.0,0,0,0
593,5,2015-09-11,1.0,0,0,0
593,6,2015-09-12,1.0,0,0,0
593,7,2015-09-13,0.0,0,0,0
593,1,2015-09-14,1.0,1,0,0
593,2,2015-09-15,1.0,1,0,0
593,3,2015-09-16,1.0,1,0,0
593,4,2015-09-17,1.0,1,0,0
598,6,2015-08-01,1.0,0,0,0
598,7,2015-08-02,0.0,0,0,0
598,1,2015-08-03,1.0,1,0,1
598,2,2015-08-04,1.0,1,0,1
598,3,2015-08-05,1.0,1,0,1
598,4,2015-08-06,1.0,1,0,1
598,5,2015-08-07,1.0,1,0,1
598,6,2015-08-08,1.0,0,0,0
598,7,2015-08-09,0.0,0,0,0
598,1,2015-08-10,1.0,0,0,1
598,2,2015-08-11,1.0,0,0,1
598,3,2015-08-12,1.0,0,0,1
598,4,2015-08-13,1.0,0,0,1
598,5,2015-08-14,1.0,0,0,1
598,6,2015-08-15,0.0,0,a,0
598,7,2015-08-16,0.0,0,0,0
598,1,2015-08-17,1.0,1,0,1
598,2,2015-08-18,1.0,1,0,1
598,3,2015-08-19,1.0,1,0,1
598,4,2015-08-20,1.0,1,0,1
598,5,2015-08-21,1.0,1,0,1
598,6,2015-08-22,1.0,0,0,0
598,7,2015-08-23,0.0,0,0,0
598,1,2015-08-24,1.0,0,0,1
598,2,2015-08-25,1.0,0,0,1
598,3,2015-08-26,1.0,0,0,1
598,4,2015-08-27,1.0,0,0,1
598,5,2015-08-28,1.0,0,0,1
598,6,2015-08-29,1.0,0,0,0
598,7,2015-08-30,0.0,0,0,0
598,1,2015-08-31,1.0,1,0,1
598,2,2015-09-01,1.0,1,0,1
598,3,2015-09-02,1.0,1,0,1
598,4,2015-09-03,1.0,1,0,1
598,5,2015-09-04,1.0,1,0,1
598,6,2015-09-05,1.0,0,0,0
598,7,2015-09-06,0.0,0,0,0
598,1,2015-09-07,1.0,0,0,1
598,2,2015-09-08,1.0,0,0,1
598,3,2015-09-09,1.0,0,0,1
598,4,2015-09-10,1.0,0,0,1
598,5,2015-09-11,1.0,0,0,1
598,6,2015-09-12,1.0,0,0,0
598,7,2015-09-13,0.0,0,0,0
598,1,2015-09-14,1.0,1,0,1
598,2,2015-09-15,1.0,1,0,0
598,3,2015-09-16,1.0,1,0,0
598,4,2015-09-17,1.0,1,0,0
676,6,2015-08-01,1.0,0,0,1
676,7,2015-08-02,1.0,0,0,1
676,1,2015-08-03,1.0,1,0,1
676,2,2015-08-04,1.0,1,0,1
676,3,2015-08-05,1.0,1,0,1
676,4,2015-08-06,1.0,1,0,1
676,5,2015-08-07,1.0,1,0,1
676,6,2015-08-08,1.0,0,0,1
676,7,2015-08-09,1.0,0,0,1
676,1,2015-08-10,1.0,0,0,1
676,2,2015-08-11,1.0,0,0,1
676,3,2015-08-12,1.0,0,0,1
676,4,2015-08-13,1.0,0,0,1
676,5,2015-08-14,1.0,0,0,1
676,6,2015-08-15,1.0,0,0,1
676,7,2015-08-16,1.0,0,0,1
676,1,2015-08-17,1.0,1,0,1
676,2,2015-08-18,1.0,1,0,1
676,3,2015-08-19,1.0,1,0,1
676,4,2015-08-20,1.0,1,0,1
676,5,2015-08-21,1.0,1,0,1
676,6,2015-08-22,1.0,0,0,1
676,7,2015-08-23,1.0,0,0,1
676,1,2015-08-24,1.0,0,0,1
676,2,2015-08-25,1.0,0,0,1
676,3,2015-08-26,1.0,0,0,1
676,4,2015-08-27,1.0,0,0,1
676,5,2015-08-28,1.0,0,0,1
676,6,2015-08-29,1.0,0,0,1
676,7,2015-08-30,1.0,0,0,1
676,1,2015-08-31,1.0,1,0,1
676,2,2015-09-01,1.0,1,0,1
676,3,2015-09-02,1.0,1,0,1
676,4,2015-09-03,1.0,1,0,1
676,5,2015-09-04,1.0,1,0,1
676,6,2015-09-05,1.0,0,0,0
676,7,2015-09-06,1.0,0,0,0
676,1,2015-09-07,1.0,0,0,0
676,2,2015-09-08,1.0,0,0,0
676,3,2015-09-09,1.0,0,0,0
676,4,2015-09-10,1.0,0,0,0
676,5,2015-09-11,1.0,0,0,0
676,6,2015-09-12,1.0,0,0,0
676,7,2015-09-13,1.0,0,0,0
676,1,2015-09-14,1.0,1,0,0
676,2,2015-09-15,1.0,1,0,0
676,3,2015-09-16,1.0,1,0,0
676,4,2015-09-17,1.0,1,0,0
700,6,2015-08-01,1.0,0,0,1
700,7,2015-08-02,0.0,0,0,1
700,1,2015-08-03,1.0,1,0,1
700,2,2015-08-04,1.0,1,0,1
700,3,2015-08-05,1.0,1,0,1
700,4,2015-08-06,1.0,1,0,1
700,5,2015-08-07,1.0,1,0,1
700,6,2015-08-08,1.0,0,0,1
700,7,2015-08-09,0.0,0,0,1
700,1,2015-08-10,1.0,0,0,1
700,2,2015-08-11,1.0,0,0,1
700,3,2015-08-12,1.0,0,0,1
700,4,2015-08-13,1.0,0,0,1
700,5,2015-08-14,1.0,0,0,1
700,6,2015-08-15,1.0,0,0,1
700,7,2015-08-16,0.0,0,0,1
700,1,2015-08-17,1.0,1,0,1
700,2,2015-08-18,1.0,1,0,1
700,3,2015-08-19,1.0,1,0,1
700,4,2015-08-20,1.0,1,0,1
700,5,2015-08-21,1.0,1,0,1
700,6,2015-08-22,1.0,0,0,1
700,7,2015-08-23,0.0,0,0,1
700,1,2015-08-24,1.0,0,0,1
700,2,2015-08-25,1.0,0,0,1
700,3,2015-08-26,1.0,0,0,1
700,4,2015-08-27,1.0,0,0,1
700,5,2015-08-28,1.0,0,0,1
700,6,2015-08-29,1.0,0,0,1
700,7,2015-08-30,0.0,0,0,1
700,1,2015-08-31,1.0,1,0,1
700,2,2015-09-01,1.0,1,0,1
700,3,2015-09-02,1.0,1,0,1
700,4,2015-09-03,1.0,1,0,1
700,5,2015-09-04,1.0,1,0,1
700,6,2015-09-05,1.0,0,0,0
700,7,2015-09-06,0.0,0,0,0
700,1,2015-09-07,1.0,0,0,0
700,2,2015-09-08,1.0,0,0,0
700,3,2015-09-09,1.0,0,0,0
700,4,2015-09-10,1.0,0,0,0
700,5,2015-09-11,1.0,0,0,0
700,6,2015-09-12,1.0,0,0,0
700,7,2015-09-13,0.0,0,0,0
700,1,2015-09-14,1.0,1,0,0
700,2,2015-09-15,1.0,1,0,0
700,3,2015-09-16,1.0,1,0,0
700,4,2015-09-17,1.0,1,0,0
736,6,2015-08-01,1.0,0,0,0
736,7,2015-08-02,0.0,0,0,0
736,1,2015-08-03,1.0,1,0,1
736,2,2015-08-04,1.0,1,0,1
736,3,2015-08-05,1.0,1,0,1
736,4,2015-08-06,1.0,1,0,1
736,5,2015-08-07,1.0,1,0,1
736,6,2015-08-08,1.0,0,0,0
736,7,2015-08-09,0.0,0,0,0
736,1,2015-08-10,1.0,0,0,1
736,2,2015-08-11,1.0,0,0,1
736,3,2015-08-12,1.0,0,0,1
736,4,2015-08-13,1.0,0,0,1
736,5,2015-08-14,1.0,0,0,1
736,6,2015-08-15,0.0,0,a,0
736,7,2015-08-16,0.0,0,0,0
736,1,2015-08-17,1.0,1,0,1
736,2,2015-08-18,1.0,1,0,1
736,3,2015-08-19,1.0,1,0,1
736,4,2015-08-20,1.0,1,0,1
736,5,2015-08-21,1.0,1,0,1
736,6,2015-08-22,1.0,0,0,0
736,7,2015-08-23,0.0,0,0,0
736,1,2015-08-24,1.0,0,0,1
736,2,2015-08-25,1.0,0,0,1
736,3,2015-08-26,1.0,0,0,1
736,4,2015-08-27,1.0,0,0,1
736,5,2015-08-28,1.0,0,0,1
736,6,2015-08-29,1.0,0,0,0
736,7,2015-08-30,0.0,0,0,0
736,1,2015-08-31,1.0,1,0,1
736,2,2015-09-01,1.0,1,0,1
736,3,2015-09-02,1.0,1,0,1
736,4,2015-09-03,1.0,1,0,1
736,5,2015-09-04,1.0,1,0,1
736,6,2015-09-05,1.0,0,0,0
736,7,2015-09-06,0.0,0,0,0
736,1,2015-09-07,1.0,0,0,1
736,2,2015-09-08,1.0,0,0,1
736,3,2015-09-09,1.0,0,0,1
736,4,2015-09-10,1.0,0,0,1
736,5,2015-09-11,1.0,0,0,1
736,6,2015-09-12,1.0,0,0,0
736,7,2015-09-13,0.0,0,0,0
736,1,2015-09-14,1.0,1,0,1
736,2,2015-09-15,1.0,1,0,0
736,3,2015-09-16,1.0,1,0,0
736,4,2015-09-17,1.0,1,0,0
748,6,2015-08-01,1.0,0,0,0
748,7,2015-08-02,0.0,0,0,0
748,1,2015-08-03,1.0,1,0,1
748,2,2015-08-04,1.0,1,0,1
748,3,2015-08-05,1.0,1,0,1
748,4,2015-08-06,1.0,1,0,1
748,5,2015-08-07,1.0,1,0,1
748,6,2015-08-08,1.0,0,0,0
748,7,2015-08-09,0.0,0,0,0
748,1,2015-08-10,1.0,0,0,1
748,2,2015-08-11,1.0,0,0,1
748,3,2015-08-12,1.0,0,0,0
748,4,2015-08-13,1.0,0,0,0
748,5,2015-08-14,1.0,0,0,0
748,6,2015-08-15,1.0,0,0,0
748,7,2015-08-16,0.0,0,0,0
748,1,2015-08-17,1.0,1,0,0
748,2,2015-08-18,1.0,1,0,0
748,3,2015-08-19,1.0,1,0,0
748,4,2015-08-20,1.0,1,0,0
748,5,2015-08-21,1.0,1,0,0
748,6,2015-08-22,1.0,0,0,0
748,7,2015-08-23,0.0,0,0,0
748,1,2015-08-24,1.0,0,0,0
748,2,2015-08-25,1.0,0,0,0
748,3,2015-08-26,1.0,0,0,0
748,4,2015-08-27,1.0,0,0,0
748,5,2015-08-28,1.0,0,0,0
748,6,2015-08-29,1.0,0,0,0
748,7,2015-08-30,0.0,0,0,0
748,1,2015-08-31,1.0,1,0,0
748,2,2015-09-01,1.0,1,0,0
748,3,2015-09-02,1.0,1,0,0
748,4,2015-09-03,1.0,1,0,0
748,5,2015-09-04,1.0,1,0,0
748,6,2015-09-05,1.0,0,0,0
748,7,2015-09-06,0.0,0,0,0
748,1,2015-09-07,1.0,0,0,0
748,2,2015-09-08,1.0,0,0,0
748,3,2015-09-09,1.0,0,0,0
748,4,2015-09-10,1.0,0,0,0
748,5,2015-09-11,1.0,0,0,0
748,6,2015-09-12,1.0,0,0,0
748,7,2015-09-13,0.0,0,0,0
748,1,2015-09-14,1.0,1,0,0
748,2,2015-09-15,1.0,1,0,0
748,3,2015-09-16,1.0,1,0,0
748,4,2015-09-17,1.0,1,0,0
801,6,2015-08-01,1.0,0,0,0
801,7,2015-08-02,0.0,0,0,0
801,1,2015-08-03,1.0,1,0,1
801,2,2015-08-04,1.0,1,0,1
801,3,2015-08-05,1.0,1,0,1
801,4,2015-08-06,1.0,1,0,1
801,5,2015-08-07,1.0,1,0,1
801,6,2015-08-08,1.0,0,0,0
801,7,2015-08-09,0.0,0,0,0
801,1,2015-08-10,1.0,0,0,1
801,2,2015-08-11,1.0,0,0,1
801,3,2015-08-12,1.0,0,0,1
801,4,2015-08-13,1.0,0,0,1
801,5,2015-08-14,1.0,0,0,1
801,6,2015-08-15,1.0,0,0,0
801,7,2015-08-16,0.0,0,0,0
801,1,2015-08-17,1.0,1,0,1
801,2,2015-08-18,1.0,1,0,1
801,3,2015-08-19,1.0,1,0,1
801,4,2015-08-20,1.0,1,0,1
801,5,2015-08-21,1.0,1,0,1
801,6,2015-08-22,1.0,0,0,0
801,7,2015-08-23,0.0,0,0,0
801,1,2015-08-24,1.0,0,0,1
801,2,2015-08-25,1.0,0,0,1
801,3,2015-08-26,1.0,0,0,1
801,4,2015-08-27,1.0,0,0,1
801,5,2015-08-28,1.0,0,0,1
801,6,2015-08-29,1.0,0,0,0
801,7,2015-08-30,0.0,0,0,0
801,1,2015-08-31,1.0,1,0,0
801,2,2015-09-01,1.0,1,0,0
801,3,2015-09-02,1.0,1,0,0
801,4,2015-09-03,1.0,1,0,0
801,5,2015-09-04,1.0,1,0,0
801,6,2015-09-05,1.0,0,0,0
801,7,2015-09-06,0.0,0,0,0
801,1,2015-09-07,1.0,0,0,0
801,2,2015-09-08,1.0,0,0,0
801,3,2015-09-09,1.0,0,0,0
801,4,2015-09-10,1.0,0,0,0
801,5,2015-09-11,1.0,0,0,0
801,6,2015-09-12,1.0,0,0,0
801,7,2015-09-13,0.0,0,0,0
801,1,2015-09-14,1.0,1,0,0
801,2,2015-09-15,1.0,1,0,0
801,3,2015-09-16,1.0,1,0,0
801,4,2015-09-17,1.0,1,0,0
829,6,2015-08-01,1.0,0,0,1
829,7,2015-08-02,0.0,0,0,1
829,1,2015-08-03,1.0,1,0,1
829,2,2015-08-04,1.0,1,0,1
829,3,2015-08-05,1.0,1,0,1
829,4,2015-08-06,1.0,1,0,1
829,5,2015-08-07,1.0,1,0,1
829,6,2015-08-08,1.0,0,0,1
829,7,2015-08-09,0.0,0,0,1
829,1,2015-08-10,1.0,0,0,1
829,2,2015-08-11,1.0,0,0,1
829,3,2015-08-12,1.0,0,0,1
829,4,2015-08-13,1.0,0,0,1
829,5,2015-08-14,1.0,0,0,1
829,6,2015-08-15,1.0,0,0,1
829,7,2015-08-16,0.0,0,0,1
829,1,2015-08-17,1.0,1,0,1
829,2,2015-08-18,1.0,1,0,1
829,3,2015-08-19,1.0,1,0,1
829,4,2015-08-20,1.0,1,0,1
829,5,2015-08-21,1.0,1,0,1
829,6,2015-08-22,1.0,0,0,1
829,7,2015-08-23,0.0,0,0,1
829,1,2015-08-24,1.0,0,0,1
829,2,2015-08-25,1.0,0,0,1
829,3,2015-08-26,1.0,0,0,1
829,4,2015-08-27,1.0,0,0,1
829,5,2015-08-28,1.0,0,0,1
829,6,2015-08-29,1.0,0,0,1
829,7,2015-08-30,0.0,0,0,1
829,1,2015-08-31,1.0,1,0,1
829,2,2015-09-01,1.0,1,0,1
829,3,2015-09-02,1.0,1,0,1
829,4,2015-09-03,1.0,1,0,1
829,5,2015-09-04,1.0,1,0,1
829,6,2015-09-05,1.0,0,0,0
829,7,2015-09-06,0.0,0,0,0
829,1,2015-09-07,1.0,0,0,0
829,2,2015-09-08,1.0,0,0,0
829,3,2015-09-09,1.0,0,0,0
829,4,2015-09-10,1.0,0,0,0
829,5,2015-09-11,1.0,0,0,0
829,6,2015-09-12,1.0,0,0,0
829,7,2015-09-13,0.0,0,0,0
829,1,2015-09-14,1.0,1,0,0
829,2,2015-09-15,1.0,1,0,0
829,3,2015-09-16,1.0,1,0,0
829,4,2015-09-17,1.0,1,0,0
832,6,2015-08-01,1.0,0,0,1
832,7,2015-08-02,0.0,0,0,1
832,1,2015-08-03,1.0,1,0,1
832,2,2015-08-04,1.0,1,0,1
832,3,2015-08-05,1.0,1,0,1
832,4,2015-08-06,1.0,1,0,1
832,5,2015-08-07,1.0,1,0,1
832,6,2015-08-08,1.0,0,0,1
832,7,2015-08-09,0.0,0,0,1
832,1,2015-08-10,1.0,0,0,1
832,2,2015-08-11,1.0,0,0,1
832,3,2015-08-12,1.0,0,0,1
832,4,2015-08-13,1.0,0,0,1
832,5,2015-08-14,1.0,0,0,1
832,6,2015-08-15,1.0,0,0,1
832,7,2015-08-16,0.0,0,0,1
832,1,2015-08-17,1.0,1,0,1
832,2,2015-08-18,1.0,1,0,1
832,3,2015-08-19,1.0,1,0,1
832,4,2015-08-20,1.0,1,0,1
832,5,2015-08-21,1.0,1,0,1
832,6,2015-08-22,1.0,0,0,1
832,7,2015-08-23,0.0,0,0,1
832,1,2015-08-24,1.0,0,0,1
832,2,2015-08-25,1.0,0,0,1
832,3,2015-08-26,1.0,0,0,1
832,4,2015-08-27,1.0,0,0,1
832,5,2015-08-28,1.0,0,0,1
832,6,2015-08-29,1.0,0,0,1
832,7,2015-08-30,0.0,0,0,1
832,1,2015-08-31,1.0,1,0,1
832,2,2015-09-01,1.0,1,0,1
832,3,2015-09-02,1.0,1,0,1
832,4,2015-09-03,1.0,1,0,1
832,5,2015-09-04,1.0,1,0,1
832,6,2015-09-05,1.0,0,0,0
832,7,2015-09-06,0.0,0,0,0
832,1,2015-09-07,1.0,0,0,0
832,2,2015-09-08,1.0,0,0,0
832,3,2015-09-09,1.0,0,0,0
832,4,2015-09-10,1.0,0,0,0
832,5,2015-09-11,1.0,0,0,0
832,6,2015-09-12,1.0,0,0,0
832,7,2015-09-13,0.0,0,0,0
832,1,2015-09-14,1.0,1,0,0
832,2,2015-09-15,1.0,1,0,0
832,3,2015-09-16,1.0,1,0,0
832,4,2015-09-17,1.0,1,0,0
842,6,2015-08-01,1.0,0,0,0
842,7,2015-08-02,0.0,0,0,0
842,1,2015-08-03,1.0,1,0,1
842,2,2015-08-04,1.0,1,0,1
842,3,2015-08-05,1.0,1,0,1
842,4,2015-08-06,1.0,1,0,1
842,5,2015-08-07,1.0,1,0,1
842,6,2015-08-08,1.0,0,0,0
842,7,2015-08-09,0.0,0,0,0
842,1,2015-08-10,1.0,0,0,1
842,2,2015-08-11,1.0,0,0,1
842,3,2015-08-12,1.0,0,0,1
842,4,2015-08-13,1.0,0,0,1
842,5,2015-08-14,1.0,0,0,1
842,6,2015-08-15,0.0,0,a,0
842,7,2015-08-16,0.0,0,0,0
842,1,2015-08-17,1.0,1,0,1
842,2,2015-08-18,1.0,1,0,1
842,3,2015-08-19,1.0,1,0,1
842,4,2015-08-20,1.0,1,0,1
842,5,2015-08-21,1.0,1,0,1
842,6,2015-08-22,1.0,0,0,0
842,7,2015-08-23,0.0,0,0,0
842,1,2015-08-24,1.0,0,0,1
842,2,2015-08-25,1.0,0,0,1
842,3,2015-08-26,1.0,0,0,1
842,4,2015-08-27,1.0,0,0,1
842,5,2015-08-28,1.0,0,0,1
842,6,2015-08-29,1.0,0,0,0
842,7,2015-08-30,0.0,0,0,0
842,1,2015-08-31,1.0,1,0,1
842,2,2015-09-01,1.0,1,0,1
842,3,2015-09-02,1.0,1,0,1
842,4,2015-09-03,1.0,1,0,1
842,5,2015-09-04,1.0,1,0,1
842,6,2015-09-05,1.0,0,0,0
842,7,2015-09-06,0.0,0,0,0
842,1,2015-09-07,1.0,0,0,1
842,2,2015-09-08,1.0,0,0,1
842,3,2015-09-09,1.0,0,0,1
842,4,2015-09-10,1.0,0,0,1
842,5,2015-09-11,1.0,0,0,1
842,6,2015-09-12,1.0,0,0,0
842,7,2015-09-13,0.0,0,0,0
842,1,2015-09-14,1.0,1,0,1
842,2,2015-09-15,1.0,1,0,0
842,3,2015-09-16,1.0,1,0,0
842,4,2015-09-17,1.0,1,0,0
850,6,2015-08-01,1.0,0,0,0
850,7,2015-08-02,0.0,0,0,0
850,1,2015-08-03,1.0,1,0,1
850,2,2015-08-04,1.0,1,0,1
850,3,2015-08-05,1.0,1,0,1
850,4,2015-08-06,1.0,1,0,1
850,5,2015-08-07,1.0,1,0,1
850,6,2015-08-08,1.0,0,0,0
850,7,2015-08-09,0.0,0,0,0
850,1,2015-08-10,1.0,0,0,1
850,2,2015-08-11,1.0,0,0,1
850,3,2015-08-12,1.0,0,0,0
850,4,2015-08-13,1.0,0,0,0
850,5,2015-08-14,1.0,0,0,0
850,6,2015-08-15,1.0,0,0,0
850,7,2015-08-16,0.0,0,0,0
850,1,2015-08-17,1.0,1,0,0
850,2,2015-08-18,1.0,1,0,0
850,3,2015-08-19,1.0,1,0,0
850,4,2015-08-20,1.0,1,0,0
850,5,2015-08-21,1.0,1,0,0
850,6,2015-08-22,1.0,0,0,0
850,7,2015-08-23,0.0,0,0,0
850,1,2015-08-24,1.0,0,0,0
850,2,2015-08-25,1.0,0,0,0
850,3,2015-08-26,1.0,0,0,0
850,4,2015-08-27,1.0,0,0,0
850,5,2015-08-28,1.0,0,0,0
850,6,2015-08-29,1.0,0,0,0
850,7,2015-08-30,0.0,0,0,0
850,1,2015-08-31,1.0,1,0,0
850,2,2015-09-01,1.0,1,0,0
850,3,2015-09-02,1.0,1,0,0
850,4,2015-09-03,1.0,1,0,0
850,5,2015-09-04,1.0,1,0,0
850,6,2015-09-05,1.0,0,0,0
850,7,2015-09-06,0.0,0,0,0
850,1,2015-09-07,1.0,0,0,0
850,2,2015-09-08,1.0,0,0,0
850,3,2015-09-09,1.0,0,0,0
850,4,2015-09-10,1.0,0,0,0
850,5,2015-09-11,1.0,0,0,0
850,6,2015-09-12,1.0,0,0,0
850,7,2015-09-13,0.0,0,0,0
850,1,2015-09-14,1.0,1,0,0
850,2,2015-09-15,1.0,1,0,0
850,3,2015-09-16,1.0,1,0,0
850,4,2015-09-17,1.0,1,0,0
902,6,2015-08-01,1.0,0,0,0
902,7,2015-08-02,0.0,0,0,0
902,1,2015-08-03,1.0,1,0,1
902,2,2015-08-04,1.0,1,0,1
902,3,2015-08-05,1.0,1,0,1
902,4,2015-08-06,1.0,1,0,1
902,5,2015-08-07,1.0,1,0,1
902,6,2015-08-08,1.0,0,0,0
902,7,2015-08-09,0.0,0,0,0
902,1,2015-08-10,1.0,0,0,1
902,2,2015-08-11,1.0,0,0,1
902,3,2015-08-12,1.0,0,0,1
902,4,2015-08-13,1.0,0,0,1
902,5,2015-08-14,1.0,0,0,1
902,6,2015-08-15,0.0,0,a,0
902,7,2015-08-16,0.0,0,0,0
902,1,2015-08-17,1.0,1,0,1
902,2,2015-08-18,1.0,1,0,1
902,3,2015-08-19,1.0,1,0,1
902,4,2015-08-20,1.0,1,0,1
902,5,2015-08-21,1.0,1,0,1
902,6,2015-08-22,1.0,0,0,0
902,7,2015-08-23,0.0,0,0,0
902,1,2015-08-24,1.0,0,0,1
902,2,2015-08-25,1.0,0,0,1
902,3,2015-08-26,1.0,0,0,1
902,4,2015-08-27,1.0,0,0,1
902,5,2015-08-28,1.0,0,0,1
902,6,2015-08-29,1.0,0,0,0
902,7,2015-08-30,0.0,0,0,0
902,1,2015-08-31,1.0,1,0,1
902,2,2015-09-01,1.0,1,0,1
902,3,2015-09-02,1.0,1,0,1
902,4,2015-09-03,1.0,1,0,1
902,5,2015-09-04,1.0,1,0,1
902,6,2015-09-05,1.0,0,0,0
902,7,2015-09-06,0.0,0,0,0
902,1,2015-09-07,1.0,0,0,1
902,2,2015-09-08,1.0,0,0,1
902,3,2015-09-09,1.0,0,0,1
902,4,2015-09-10,1.0,0,0,1
902,5,2015-09-11,1.0,0,0,1
902,6,2015-09-12,1.0,0,0,0
902,7,2015-09-13,0.0,0,0,0
902,1,2015-09-14,1.0,1,0,1
902,2,2015-09-15,1.0,1,0,0
902,3,2015-09-16,1.0,1,0,0
902,4,2015-09-17,1.0,1,0,0
932,6,2015-08-01,1.0,0,0,0
932,7,2015-08-02,0.0,0,0,0
932,1,2015-08-03,1.0,1,0,1
932,2,2015-08-04,1.0,1,0,1
932,3,2015-08-05,1.0,1,0,1
932,4,2015-08-06,1.0,1,0,1
932,5,2015-08-07,1.0,1,0,1
932,6,2015-08-08,1.0,0,0,0
932,7,2015-08-09,0.0,0,0,0
932,1,2015-08-10,1.0,0,0,1
932,2,2015-08-11,1.0,0,0,1
932,3,2015-08-12,1.0,0,0,1
932,4,2015-08-13,1.0,0,0,1
932,5,2015-08-14,1.0,0,0,1
932,6,2015-08-15,1.0,0,a,0
932,7,2015-08-16,0.0,0,0,0
932,1,2015-08-17,1.0,1,0,1
932,2,2015-08-18,1.0,1,0,1
932,3,2015-08-19,1.0,1,0,1
932,4,2015-08-20,1.0,1,0,1
932,5,2015-08-21,1.0,1,0,1
932,6,2015-08-22,1.0,0,0,0
932,7,2015-08-23,0.0,0,0,0
932,1,2015-08-24,1.0,0,0,1
932,2,2015-08-25,1.0,0,0,1
932,3,2015-08-26,1.0,0,0,1
932,4,2015-08-27,1.0,0,0,1
932,5,2015-08-28,1.0,0,0,1
932,6,2015-08-29,1.0,0,0,0
932,7,2015-08-30,0.0,0,0,0
932,1,2015-08-31,1.0,1,0,1
932,2,2015-09-01,1.0,1,0,1
932,3,2015-09-02,1.0,1,0,1
932,4,2015-09-03,1.0,1,0,1
932,5,2015-09-04,1.0,1,0,1
932,6,2015-09-05,1.0,0,0,0
932,7,2015-09-06,0.0,0,0,0
932,1,2015-09-07,1.0,0,0,1
932,2,2015-09-08,1.0,0,0,1
932,3,2015-09-09,1.0,0,0,1
932,4,2015-09-10,1.0,0,0,1
932,5,2015-09-11,1.0,0,0,1
932,6,2015-09-12,1.0,0,0,0
932,7,2015-09-13,0.0,0,0,0
932,1,2015-09-14,1.0,1,0,1
932,2,2015-09-15,1.0,1,0,0
932,3,2015-09-16,1.0,1,0,0
932,4,2015-09-17,1.0,1,0,0
954,6,2015-08-01,1.0,0,0,0
954,7,2015-08-02,0.0,0,0,0
954,1,2015-08-03,1.0,1,0,1
954,2,2015-08-04,1.0,1,0,1
954,3,2015-08-05,1.0,1,0,1
954,4,2015-08-06,1.0,1,0,1
954,5,2015-08-07,1.0,1,0,1
954,6,2015-08-08,1.0,0,0,0
954,7,2015-08-09,0.0,0,0,0
954,1,2015-08-10,1.0,0,0,1
954,2,2015-08-11,1.0,0,0,1
954,3,2015-08-12,1.0,0,0,0
954,4,2015-08-13,1.0,0,0,0
954,5,2015-08-14,1.0,0,0,0
954,6,2015-08-15,1.0,0,0,0
954,7,2015-08-16,0.0,0,0,0
954,1,2015-08-17,1.0,1,0,0
954,2,2015-08-18,1.0,1,0,0
954,3,2015-08-19,1.0,1,0,0
954,4,2015-08-20,1.0,1,0,0
954,5,2015-08-21,1.0,1,0,0
954,6,2015-08-22,1.0,0,0,0
954,7,2015-08-23,0.0,0,0,0
954,1,2015-08-24,1.0,0,0,0
954,2,2015-08-25,1.0,0,0,0
954,3,2015-08-26,1.0,0,0,0
954,4,2015-08-27,1.0,0,0,0
954,5,2015-08-28,1.0,0,0,0
954,6,2015-08-29,1.0,0,0,0
954,7,2015-08-30,0.0,0,0,0
954,1,2015-08-31,1.0,1,0,0
954,2,2015-09-01,1.0,1,0,0
954,3,2015-09-02,1.0,1,0,0
954,4,2015-09-03,1.0,1,0,0
954,5,2015-09-04,1.0,1,0,0
954,6,2015-09-05,1.0,0,0,0
954,7,2015-09-06,0.0,0,0,0
954,1,2015-09-07,1.0,0,0,0
954,2,2015-09-08,1.0,0,0,0
954,3,2015-09-09,1.0,0,0,0
954,4,2015-09-10,1.0,0,0,0
954,5,2015-09-11,1.0,0,0,0
954,6,2015-09-12,1.0,0,0,0
954,7,2015-09-13,0.0,0,0,0
954,1,2015-09-14,1.0,1,0,0
954,2,2015-09-15,1.0,1,0,0
954,3,2015-09-16,1.0,1,0,0
954,4,2015-09-17,1.0,1,0,0
977,6,2015-08-01,1.0,0,0,0
977,7,2015-08-02,0.0,0,0,0
977,1,2015-08-03,1.0,1,0,1
977,2,2015-08-04,1.0,1,0,1
977,3,2015-08-05,1.0,1,0,1
977,4,2015-08-06,1.0,1,0,1
977,5,2015-08-07,1.0,1,0,1
977,6,2015-08-08,1.0,0,0,0
977,7,2015-08-09,0.0,0,0,0
977,1,2015-08-10,1.0,0,0,1
977,2,2015-08-11,1.0,0,0,1
977,3,2015-08-12,1.0,0,0,1
977,4,2015-08-13,1.0,0,0,1
977,5,2015-08-14,1.0,0,0,1
977,6,2015-08-15,1.0,0,a,0
977,7,2015-08-16,0.0,0,0,0
977,1,2015-08-17,1.0,1,0,1
977,2,2015-08-18,1.0,1,0,1
977,3,2015-08-19,1.0,1,0,1
977,4,2015-08-20,1.0,1,0,1
977,5,2015-08-21,1.0,1,0,1
977,6,2015-08-22,1.0,0,0,0
977,7,2015-08-23,0.0,0,0,0
977,1,2015-08-24,1.0,0,0,1
977,2,2015-08-25,1.0,0,0,1
977,3,2015-08-26,1.0,0,0,1
977,4,2015-08-27,1.0,0,0,1
977,5,2015-08-28,1.0,0,0,1
977,6,2015-08-29,1.0,0,0,0
977,7,2015-08-30,0.0,0,0,0
977,1,2015-08-31,1.0,1,0,1
977,2,2015-09-01,1.0,1,0,1
977,3,2015-09-02,1.0,1,0,1
977,4,2015-09-03,1.0,1,0,1
977,5,2015-09-04,1.0,1,0,1
977,6,2015-09-05,1.0,0,0,0
977,7,2015-09-06,0.0,0,0,0
977,1,2015-09-07,1.0,0,0,1
977,2,2015-09-08,1.0,0,0,1
977,3,2015-09-09,1.0,0,0,1
977,4,2015-09-10,1.0,0,0,1
977,5,2015-09-11,1.0,0,0,1
977,6,2015-09-12,1.0,0,0,0
977,7,2015-09-13,0.0,0,0,0
977,1,2015-09-14,1.0,1,0,1
977,2,2015-09-15,1.0,1,0,0
977,3,2015-09-16,1.0,1,0,0
977,4,2015-09-17,1.0,1,0,0
