Store,reason,segment,StoreType,growth_tercile,has_export_gap,has_long_closure,has_left_censored,has_anomaly,competitor_opened_in_train,sunday_open
65,стратифицированный добор,mid,a,стабильно,False,False,False,False,False,False
75,стратифицированный добор,high_check,d,стабильно,False,False,False,False,True,False
81,стратифицированный добор,mid,a,стабильно,True,False,False,False,False,False
100,обязательный: has_export_gap,high_check,d,стабильно,True,True,False,False,False,False
103,обязательный: has_left_censored,high_check,d,рост,False,True,True,False,True,False
156,стратифицированный добор,mid,a,падение,False,False,False,False,False,False
180,стратифицированный добор,high_check,d,падение,False,False,False,False,False,False
186,обязательный: has_export_gap,mid,a,рост,True,False,False,False,False,False
220,стратифицированный добор,mid,a,падение,False,False,False,False,False,False
224,стратифицированный добор,high_check,d,рост,False,False,False,False,False,False
238,стратифицированный добор,mid,a,стабильно,False,True,False,True,False,False
301,стратифицированный добор,mid,a,стабильно,False,False,False,False,True,False
353,стратифицированный добор,high_traffic,b,рост,False,True,False,True,False,True
470,стратифицированный добор,mid,a,падение,False,False,False,False,False,False
494,стратифицированный добор,high_traffic,b,стабильно,False,False,False,False,False,True
508,стратифицированный добор,mid,a,рост,False,False,False,False,False,False
515,стратифицированный добор,high_check,d,стабильно,False,False,False,False,False,False
544,стратифицированный добор,mid,a,падение,False,False,False,False,False,False
589,обязательный: has_anomaly,mid,a,рост,False,True,False,True,False,False
591,стратифицированный добор,mid,a,падение,False,False,False,False,False,False
593,стратифицированный добор,mid,a,падение,False,False,False,False,False,False
598,стратифицированный добор,mid,c,стабильно,True,False,False,False,True,False
676,стратифицированный добор,high_traffic,b,рост,False,True,False,False,False,True
682,стратифицированный добор,high_traffic,b,рост,False,False,False,False,False,True
700,обязательный: has_anomaly,mid,a,стабильно,False,True,False,True,False,False
736,обязательный: has_export_gap,mid,c,рост,True,False,False,False,False,False
748,стратифицированный добор,high_check,d,падение,False,False,False,False,False,False
801,обязательный: competitor_opened_in_train,high_check,d,рост,False,False,False,False,True,False
829,стратифицированный добор,mid,c,падение,False,False,False,False,False,False
832,стратифицированный добор,high_check,d,рост,False,False,False,False,False,False
842,стратифицированный добор,high_check,d,рост,True,False,False,False,False,False
850,обязательный: has_anomaly,high_check,d,падение,False,True,False,True,False,False
902,стратифицированный добор,mid,a,падение,True,False,False,False,True,False
932,стратифицированный добор,mid,a,стабильно,True,False,False,False,False,False
953,стратифицированный добор,mid,a,стабильно,False,False,False,False,False,False
954,стратифицированный добор,mid,a,падение,False,False,False,False,True,False
977,стратифицированный добор,mid,a,стабильно,True,False,False,False,False,False
1001,стратифицированный добор,mid,c,рост,False,False,False,False,False,False
1075,обязательный: competitor_opened_in_train,mid,a,рост,False,False,False,False,True,False
1081,стратифицированный добор,high_traffic,b,падение,False,True,True,False,False,True
