Store,StoreType,Assortment,CompetitionDistance,CompetitionOpenSinceMonth,CompetitionOpenSinceYear,Promo2,Promo2SinceWeek,Promo2SinceYear,PromoInterval
65,a,c,13840.0,5.0,2010.0,1,1.0,2012.0,"Jan,Apr,Jul,Oct"
75,d,c,22440.0,12.0,2013.0,0,,,
81,a,a,2370.0,3.0,2011.0,1,40.0,2014.0,"Jan,Apr,Jul,Oct"
100,d,a,17930.0,,,0,,,
103,d,c,5210.0,5.0,2015.0,0,,,
156,a,a,2020.0,2.0,2011.0,1,14.0,2011.0,"Mar,Jun,Sept,Dec"
180,d,a,5800.0,9.0,2010.0,0,,,
186,a,a,290.0,10.0,2011.0,1,40.0,2014.0,"Jan,Apr,Jul,Oct"
220,a,a,1000.0,9.0,2008.0,0,,,
224,d,c,7930.0,,,1,1.0,2013.0,"Jan,Apr,Jul,Oct"
238,a,a,320.0,,,1,45.0,2009.0,"Feb,May,Aug,Nov"
301,a,c,4510.0,3.0,2015.0,0,,,
353,b,b,900.0,,,1,14.0,2013.0,"Feb,May,Aug,Nov"
470,a,c,50.0,,,0,,,
494,b,a,1260.0,6.0,2011.0,0,,,
508,a,c,1280.0,,,1,40.0,2011.0,"Jan,Apr,Jul,Oct"
515,d,c,11260.0,,,1,9.0,2011.0,"Feb,May,Aug,Nov"
544,a,a,250.0,12.0,2001.0,1,13.0,2010.0,"Jan,Apr,Jul,Oct"
589,a,c,360.0,,,1,18.0,2013.0,"Feb,May,Aug,Nov"
591,a,c,3340.0,,,1,22.0,2012.0,"Mar,Jun,Sept,Dec"
593,a,c,33060.0,3.0,2010.0,0,,,
598,c,a,550.0,12.0,2013.0,1,40.0,2014.0,"Jan,Apr,Jul,Oct"
676,b,b,1410.0,9.0,2008.0,0,,,
682,b,a,150.0,9.0,2006.0,0,,,
700,a,c,830.0,,,1,27.0,2013.0,"Jan,Apr,Jul,Oct"
736,c,c,1650.0,,,1,14.0,2011.0,"Jan,Apr,Jul,Oct"
748,d,a,2380.0,3.0,2010.0,1,14.0,2011.0,"Jan,Apr,Jul,Oct"
801,d,a,48330.0,4.0,2013.0,0,,,
829,c,a,110.0,,,0,,,
832,d,a,5070.0,,,1,45.0,2009.0,"Feb,May,Aug,Nov"
842,d,c,1200.0,11.0,2007.0,0,,,
850,d,a,1120.0,5.0,2007.0,1,31.0,2013.0,"Jan,Apr,Jul,Oct"
902,a,a,310.0,5.0,2015.0,1,40.0,2014.0,"Jan,Apr,Jul,Oct"
932,a,a,15700.0,,,1,13.0,2010.0,"Jan,Apr,Jul,Oct"
953,a,a,19830.0,4.0,2006.0,1,22.0,2011.0,"Mar,Jun,Sept,Dec"
954,a,a,390.0,2.0,2013.0,1,10.0,2014.0,"Jan,Apr,Jul,Oct"
977,a,a,520.0,9.0,2005.0,1,13.0,2010.0,"Jan,Apr,Jul,Oct"
1001,c,a,19640.0,,,1,14.0,2011.0,"Jan,Apr,Jul,Oct"
1075,a,c,1410.0,10.0,2013.0,0,,,
1081,b,a,400.0,3.0,2006.0,0,,,
